{"agpijpbfbjfdahhjjigjbhfeogijlajm": [12.713675213675216, 72.54273504273505, 59.82905982905983], "cpkngdhdaeegjnegopglpgpdbedcibco": [1.7737167428110716, 24.563289438323032, 22.78957269551196], "cghkkgdgeiicjolmpclfiajnmkeiglho": [1.7761033369214232, 24.569429494079657, 22.793326157158234], "cdffhiaggiemcfnhjpcpbppcnebifcjg": [12.713675213675216, 72.54273504273505, 59.82905982905983], "gpnepihajljigdgpcafkcjpgopbpkjkk": [7.106812447434819, 14.844407064760302, 7.737594617325484], "jhoddpnaknifeinaojmahfmbgephkodj": [-3.209728867623605, 4.0470494417862835, 7.2567783094098885], "dillijfbjhoiokfgjbngplcfggkkdnbn": [4.011599806669889, 20.202996616723055, 16.191396810053167], "bfgkgjjcgcfdjdcdcicnekhhldinkkhk": [0.31636863823933975, 0.6681076832383572, 0.3517390449990175], "jahomhggpolhfjpomljoelcciaogmekh": [12.527472527472533, 61.0989010989011, 48.57142857142857], "fdbdanegkdppobjaimfhdhidknlceajk": [2.4546424759871925, 17.075773745997864, 14.621131270010672], "jandhnpfekgdcklcgfcljmijgbgnchni": [2.9137807499402912, 6.066395987580607, 3.1526152376403154], "mnbdclgaeiapdnhfpbfalfjfcjddfaii": [13.578274760383385, 28.833865814696484, 15.255591054313099], "aacchphcelmdefffjbbkpbijlgimeohh": [2.0425062103229337, 28.457079768147942, 26.41457355782501], "plfjknmnfcebmjgapjjjlolngmonocda": [0.3633720930232549, 19.622093023255815, 19.25872093023256], "afdchmbeiaoiimakagbcnaehgdpncdbl": [3.094983991462115, 17.716115261472787, 14.621131270010672], "iedelpfmeejalepbpmmfbfnfoeojohpp": [1.0220548682087145, 3.1378877532723686, 2.115832885063654], "ifedhhifnpeienmijpikiecfemepleeg": [3.4806597405646533, 7.1902330222457005, 3.709573281681047], "mbhogigjpbknpdogfkenmgijelgjjcod": [1.3422818791946298, 14.429530201342281, 13.087248322147651], "nikefjgggkloengmpjhlpenlcdacpikn": [5.769230769230774, 65.5982905982906, 59.82905982905983], "lfkaepdpjgnonpodbgalgkbcbmahegap": [2.9896421845574395, 7.132768361581921, 4.143126177024482], "hkicaocjinbpfkollonmickokmfmokkp": [9.999999999999996, 38.57142857142857, 28.571428571428573], "iggenblfbenekkodbkplfnlbnbcgbhcc": [1.6146393972012945, 24.569429494079657, 22.954790096878362], "pialcfacfddohgedacaoonpknplgnikk": [1.3809666766736715, 2.957069948964275, 1.5761032722906034]}