{"kleljlflfamihgckcfgopmcnjdpdjpcn": [-6.815365551425032, 11.090458488228006, 17.905824039653037], "ekcbifhpocmmjgekhbhelcdajmmnnnep": [-6.319702602230485, 10.694881326851586, 17.01458392908207], "njjcinchnnbjhliemajlepfdadohkgio": [11.35321100917431, 30.275229357798164, 18.922018348623855], "ogmoafgeaapfomfohkbmcibjpajndmmn": [2.801227935533385, 4.43207981580967, 1.6308518802762855], "focaakibbgmblibbgdhgjkmnjpihpeko": [-5.962607377463366, 6.417382516422435, 12.379989893885801], "ckplfgniaofnlpelgjkmbeeilfbbnboi": [-3.7830446672743845, 0.9571558796718322, 4.740200546946217], "aagjjmpenijmjppnjeoinecajcepjndb": [-7.552222817354044, 15.104445634708087, 22.65666845206213], "clegondbbolcpcipekeogbckmmkhklfj": [-1.2109202994275652, 4.513430206957287, 5.7243505063848525], "ilbhikianmkphlgecmpjhjkdneknehap": [13.05732484076433, 73.14225053078556, 60.08492569002123], "kakakodmoehipbijhmjanpopmcihfcka": [1.641550053821316, 24.43487621097955, 22.793326157158234], "mmlchojlammogjjleajohapmdannphjk": [-2.326401127952062, 3.0842439196334155, 5.4106450475854775], "binlphhbfbdnbbmenccpkojieikjjimc": [-19.07514450867052, 15.028901734104046, 34.104046242774565], "bnkchmhgcgjpholelgoaclfbhdepgeal": [7.607994842037396, 22.69503546099291, 15.087040618955513], "iplajaaiahddjfoiheomndndhdhokpkp": [-8.653846153846153, 17.521367521367523, 26.175213675213676], "mnmlkpggdmceenahhdppalcjdemipghh": [13.463751438434983, 20.406597621787494, 6.942846183352512], "cppaobgnffcgbmlpigglgcncomppjibd": [7.627711686494051, 15.465360391882434, 7.837648705388384], "gikcppljpgcciogfmgodclhpjebcemjg": [-19.88950276243094, 13.417521704814522, 33.30702446724546], "dlkggljhmklpnjfmndeheiccbckoclag": [4.596527068437176, 40.96016343207354, 36.36363636363637], "ilikdighfoieecgeiffoekahmpjoekii": [0.8829174664107491, 4.107485604606526, 3.224568138195777], "ejjhlpepcaaaehcemmjgnaekfggehdan": [-0.03513174404015054, 0.13383521539104978, 0.16896695943120033], "amfmilbepoogemaocdjijfgihlcllaig": [2.3744292237442917, 11.598173515981735, 9.223744292237443], "koaflnhbkgmemhdekjhffbhldgjpiolm": [-1.1303692539562924, 17.935192162773173, 19.065561416729466], "kocjagdkhneclianjllmfahahmhlldkh": [-8.28848223896663, 14.504843918191604, 22.793326157158234], "lkglfdjcamhjoggmabobhggmpfjhccff": [0.14466318636392206, 1.8617523114661299, 1.7170891251022078], "ifkkehggpmplfoacomcpnopnkcokdkpd": [-3.6135484479667896, 1.28313991886027, 4.8966883668270595], "hoklmmgfnpapgjgcpechhaamimifchmp": [9.54095409540954, 14.041404140414041, 4.5004500450045], "jfmbmhllhhnfjdamajbnncoebahfflla": [2.5095298602287164, 6.44853875476493, 3.9390088945362134], "olfdaaodhngodpnnoahamgfnndipjopi": [1.7671707050464567, 2.2286998238902047, 0.4615291188437481], "eliodbpomdfmcnhnhjdmfgmclhkenfgn": [-0.2555313181676535, 1.6142100342785914, 1.869741352446245], "ckkdlimhmcjmikdlpkmbgfkaikojcbjk": [-3.0164715221274068, 1.6868426275054573, 4.703314149632864], "ahanamijdbohnllmkgmhaeobimflbfkg": [3.843730308758664, 16.698172652804033, 12.854442344045369], "meomkoeindenhdjjlhpoamaoikloaall": [-1.7462655165158854, 5.806858826004628, 7.553124342520514], "akndeknkfbncfoalobhohpegmpffibii": [12.173038229376257, 18.812877263581488, 6.639839034205232], "jdknimfbjfojkglphjflppbmmgfdbjlo": [16.81730148482892, 18.01162040025823, 1.1943189154293092]}