{"kleljlflfamihgckcfgopmcnjdpdjpcn": [17.65799256505576, 35.5638166047088, 17.905824039653037], "ekcbifhpocmmjgekhbhelcdajmmnnnep": [8.064054904203601, 25.078638833285673, 17.01458392908207], "njjcinchnnbjhliemajlepfdadohkgio": [11.35321100917431, 30.275229357798164, 18.922018348623855], "ogmoafgeaapfomfohkbmcibjpajndmmn": [2.801227935533385, 4.43207981580967, 1.6308518802762855], "focaakibbgmblibbgdhgjkmnjpihpeko": [-5.962607377463366, 6.417382516422435, 12.379989893885801], "ckplfgniaofnlpelgjkmbeeilfbbnboi": [-3.7830446672743845, 0.9571558796718322, 4.740200546946217], "aagjjmpenijmjppnjeoinecajcepjndb": [-7.552222817354044, 15.104445634708087, 22.65666845206213], "clegondbbolcpcipekeogbckmmkhklfj": [-1.2109202994275652, 4.513430206957287, 5.7243505063848525], "ilbhikianmkphlgecmpjhjkdneknehap": [13.05732484076433, 73.14225053078556, 60.08492569002123], "kakakodmoehipbijhmjanpopmcihfcka": [1.641550053821316, 24.43487621097955, 22.793326157158234], "mmlchojlammogjjleajohapmdannphjk": [-2.326401127952062, 3.0842439196334155, 5.4106450475854775], "binlphhbfbdnbbmenccpkojieikjjimc": [-19.07514450867052, 15.028901734104046, 34.104046242774565], "bnkchmhgcgjpholelgoaclfbhdepgeal": [7.607994842037396, 22.69503546099291, 15.087040618955513], "iplajaaiahddjfoiheomndndhdhokpkp": [-8.653846153846153, 17.521367521367523, 26.175213675213676], "mnmlkpggdmceenahhdppalcjdemipghh": [13.463751438434983, 20.406597621787494, 6.942846183352512], "cppaobgnffcgbmlpigglgcncomppjibd": [7.627711686494051, 15.465360391882434, 7.837648705388384], "gikcppljpgcciogfmgodclhpjebcemjg": [-19.88950276243094, 13.417521704814522, 33.30702446724546], "dlkggljhmklpnjfmndeheiccbckoclag": [4.596527068437176, 40.96016343207354, 36.36363636363637], "ilikdighfoieecgeiffoekahmpjoekii": [0.8829174664107491, 4.107485604606526, 3.224568138195777], "ejjhlpepcaaaehcemmjgnaekfggehdan": [-0.03513174404015054, 0.13383521539104978, 0.16896695943120033], "amfmilbepoogemaocdjijfgihlcllaig": [2.3744292237442917, 11.598173515981735, 9.223744292237443], "koaflnhbkgmemhdekjhffbhldgjpiolm": [-1.1303692539562924, 17.935192162773173, 19.065561416729466], "kocjagdkhneclianjllmfahahmhlldkh": [-8.28848223896663, 14.504843918191604, 22.793326157158234], "lkglfdjcamhjoggmabobhggmpfjhccff": [0.14466318636392206, 1.8617523114661299, 1.7170891251022078], "ifkkehggpmplfoacomcpnopnkcokdkpd": [-3.6135484479667896, 1.28313991886027, 4.8966883668270595], "hoklmmgfnpapgjgcpechhaamimifchmp": [9.54095409540954, 14.041404140414041, 4.5004500450045], "jfmbmhllhhnfjdamajbnncoebahfflla": [2.5095298602287164, 6.44853875476493, 3.9390088945362134], "olfdaaodhngodpnnoahamgfnndipjopi": [1.7671707050464567, 2.2286998238902047, 0.4615291188437481], "bkpiopmagfjbikadliilpjnibfekolem": [-6.449879064767536, 16.339693630744424, 22.78957269551196], "aonbfafelncknhcmdobijbdcndgikajp": [-19.212746016869726, 1.429240862230553, 20.64198687910028], "eliodbpomdfmcnhnhjdmfgmclhkenfgn": [-0.2555313181676535, 1.6142100342785914, 1.869741352446245], "flkjmjpamjiganhkggfiojeklcoijjbd": [3.52187833511206, 18.14300960512273, 14.621131270010672], "aiaihmeleocnfnbmdhibjghohcadgakk": [17.642105263157895, 29.726315789473684, 12.08421052631579], "piacaofpicgbnaaaonfkibiiedfkeooa": [-0.816181689141235, 3.0991246747101964, 3.9153063638514314], "ckkdlimhmcjmikdlpkmbgfkaikojcbjk": [-3.0164715221274068, 1.6868426275054573, 4.703314149632864], "bhgcoggeghpmlcmpakgdgnfgdggfnkgb": [-3.17662007623888, 21.855146124523507, 25.031766200762387], "mpiplkjednaomgemnhnhhhcmicebkmbb": [13.718929254302104, 17.519120458891013, 3.80019120458891], "eafoaklfmpnpdecnhhaailihkdbhkgin": [5.993690851735014, 31.77106804867057, 25.777377196935557], "eecckhlngodgphdjocpjfgodblhddkkm": [12.993224392188123, 15.085691510561977, 2.092467118373854], "bjnpmjojddopfkppcmijbhjkdcejlbho": [3.418803418803421, 18.055555555555557, 14.636752136752136], "lkiiomkhepkpbbbjbpdbienjhnapdkbd": [-1.3656732342271856, 0.8179813642506579, 2.1836545984778435], "ahanamijdbohnllmkgmhaeobimflbfkg": [3.843730308758664, 16.698172652804033, 12.854442344045369], "cpfmebcmegidepcafknblfdmcdghpmgp": [-0.29459025174076103, 22.388859132297803, 22.683449384038564], "anhdgekdambhjjfhofmnbgiioikamnjl": [3.415154749199573, 18.036286019210245, 14.621131270010672], "bjmffhlngkamgfobigebohiigecgkkjb": [3.592983247786112, 10.1133735687292, 6.520390320943088], "hcbocpdaafndlgjcfbajbbkcecdfnjam": [3.773584905660371, 98.11320754716981, 94.33962264150944], "kanbfjanbfkmjnonalihpiibneplllfh": [-0.5747429475349327, 0.3374637490113367, 0.9122066965462694], "ekdefigoglfeopedmjfdalknmekbjeco": [-1.2035303557100825, 21.476330569671035, 22.679860925381117], "lpkjmgldcglmfilmnkcacbolkpkghdaa": [10.025542784163473, 15.932311621966795, 5.9067688378033205], "agipnmmjnjcfgkhmlgifikmibgngblop": [-3.500583430571762, 8.401400233372229, 11.90198366394399], "jjkiaagghcmkbheblofiimpnhimpmbmj": [2.4308466051969826, 5.322715842414082, 2.8918692372170995], "npmcehjgnldnchlckbdhpfikcpccglkj": [-3.662524525833878, 4.541821088583679, 8.204345614417557], "pcbecajgokiinhdgfmomalplkfhcejlm": [-2.5811601915912714, 8.209153805215541, 10.790313996806812], "meomkoeindenhdjjlhpoamaoikloaall": [-1.7462655165158854, 5.806858826004628, 7.553124342520514], "hphjegonpdinfmflbdfacnocjhpbhmec": [-1.6129032258064484, 50.0, 51.61290322580645], "iohababffkjcjpehebbipfmdkgbhpiif": [0.14455855700353848, 0.38620868214378185, 0.24165012514024337], "igddcfndiapddcmgkkkjaalanbclolni": [-31.4453125, 6.4453125, 37.890625], "ibamclpibpnhmkaphhemfbljmenlpbch": [1.6774139166350572, 2.360180385215156, 0.6827664685800986], "cnjbkbdngccfabppfjloedkhglcjcpdh": [-4.616132167152577, 11.880466472303207, 16.496598639455783], "cdijmnpllkdbhjocnobeedndmhhdnmbn": [0.0, 0.6939234808702176, 0.6939234808702176], "bnajgmchnmlnjggkflnpjllgpjbckoja": [-1.2652068126520684, 3.8767234387672342, 5.141930251419303], "dcpnjcfcafdeokppedhojjelamfieobk": [6.781485468245425, 29.574811625403658, 22.793326157158234], "akndeknkfbncfoalobhohpegmpffibii": [12.173038229376257, 18.812877263581488, 6.639839034205232], "gdphppennniieapoipkgpcibicclilam": [-0.013585110718652427, 2.010596386360549, 2.0241814970792014], "jdknimfbjfojkglphjflppbmmgfdbjlo": [16.81730148482892, 18.01162040025823, 1.1943189154293092], "dhpakmahcjnimdcdkohedncjcngofbni": [-8.232189973614775, 13.509234828496043, 21.741424802110817], "dhaaphpnhakkeflfbejoggghleaakekg": [-5.302056555269923, 14.074550128534705, 19.376606683804628], "hmbojgkiefpkagneocidllhpdlbhjhgo": [4.298125285779607, 5.807041609510745, 1.5089163237311385], "feomilnenlfplgdlehkecmcbfjedoomd": [16.068541868735856, 29.938570966698997, 13.870029097963142], "nmbnopombbilnkahaimpkodkfjhaefok": [-8.868974042027192, 8.776266996291719, 17.64524103831891], "dbfeoahplcfpcplikkjdfnlpiafdjcho": [-3.1047329929626053, 3.6428867117427903, 6.747619704705396], "dfnoddgekoeiljeaekobnchnedoipgpc": [44.378698224852066, 74.55621301775147, 30.17751479289941], "gimeeobdkmpbhobaoeoknmhknnfpfopp": [-6.560182544209927, 4.050199657729606, 10.610382201939533], "fmnfbehjmabbkjedcccbamplbebhgeoo": [0.06723593088146307, 1.017503754006141, 0.9502678231246778], "kbbehjoljkpnbmedfamimogjkfecmnoa": [26.66666666666667, 100.0, 73.33333333333333]}