{"0_0_0.5": {"agpijpbfbjfdahhjjigjbhfeogijlajm": 78.2051282051282, "cpkngdhdaeegjnegopglpgpdbedcibco": 24.563289438323032, "cghkkgdgeiicjolmpclfiajnmkeiglho": 24.569429494079657, "cdffhiaggiemcfnhjpcpbppcnebifcjg": 77.56410256410257, "gpnepihajljigdgpcafkcjpgopbpkjkk": 22.413793103448278, "jhoddpnaknifeinaojmahfmbgephkodj": 5.303030303030303, "dillijfbjhoiokfgjbngplcfggkkdnbn": 30.787820202996617, "bfgkgjjcgcfdjdcdcicnekhhldinkkhk": 0.703478089998035, "jahomhggpolhfjpomljoelcciaogmekh": 61.0989010989011, "fdbdanegkdppobjaimfhdhidknlceajk": 31.91035218783351, "jandhnpfekgdcklcgfcljmijgbgnchni": 11.368521614521137, "mnbdclgaeiapdnhfpbfalfjfcjddfaii": 44.40894568690096, "aacchphcelmdefffjbbkpbijlgimeohh": 29.505934308584045, "plfjknmnfcebmjgapjjjlolngmonocda": 19.767441860465116, "afdchmbeiaoiimakagbcnaehgdpncdbl": 43.54322305229456, "iedelpfmeejalepbpmmfbfnfoeojohpp": 5.2357898511744665, "ifedhhifnpeienmijpikiecfemepleeg": 5.6993602160004695, "mbhogigjpbknpdogfkenmgijelgjjcod": 20.469798657718123, "nikefjgggkloengmpjhlpenlcdacpikn": 77.56410256410257, "lfkaepdpjgnonpodbgalgkbcbmahegap": 8.804143126177024, "hkicaocjinbpfkollonmickokmfmokkp": 34.6031746031746, "iggenblfbenekkodbkplfnlbnbcgbhcc": 24.569429494079657, "pialcfacfddohgedacaoonpknplgnikk": 3.602521765235665, "cgifdpikilmphplddaagnmhpdcnohhda": 44.11764705882353}}