{"0_0_0.5": {"agpijpbfbjfdahhjjigjbhfeogijlajm": 78.2051282051282, "cpkngdhdaeegjnegopglpgpdbedcibco": 24.563289438323032, "cghkkgdgeiicjolmpclfiajnmkeiglho": 24.569429494079657, "cdffhiaggiemcfnhjpcpbppcnebifcjg": 77.56410256410257, "gpnepihajljigdgpcafkcjpgopbpkjkk": 22.413793103448278, "jhoddpnaknifeinaojmahfmbgephkodj": 5.303030303030303, "dillijfbjhoiokfgjbngplcfggkkdnbn": 30.787820202996617, "bfgkgjjcgcfdjdcdcicnekhhldinkkhk": 0.703478089998035, "jahomhggpolhfjpomljoelcciaogmekh": 61.0989010989011, "fdbdanegkdppobjaimfhdhidknlceajk": 31.91035218783351, "jandhnpfekgdcklcgfcljmijgbgnchni": 11.368521614521137, "mnbdclgaeiapdnhfpbfalfjfcjddfaii": 44.40894568690096, "aacchphcelmdefffjbbkpbijlgimeohh": 29.505934308584045, "plfjknmnfcebmjgapjjjlolngmonocda": 19.767441860465116, "afdchmbeiaoiimakagbcnaehgdpncdbl": 43.54322305229456, "iedelpfmeejalepbpmmfbfnfoeojohpp": 5.2357898511744665, "ifedhhifnpeienmijpikiecfemepleeg": 5.6993602160004695, "mbhogigjpbknpdogfkenmgijelgjjcod": 20.469798657718123, "nikefjgggkloengmpjhlpenlcdacpikn": 77.56410256410257, "lfkaepdpjgnonpodbgalgkbcbmahegap": 8.804143126177024, "hkicaocjinbpfkollonmickokmfmokkp": 34.6031746031746, "iggenblfbenekkodbkplfnlbnbcgbhcc": 24.569429494079657, "pialcfacfddohgedacaoonpknplgnikk": 3.602521765235665, "cgifdpikilmphplddaagnmhpdcnohhda": 44.11764705882353}, "0_0_0.1": {"jahomhggpolhfjpomljoelcciaogmekh": 61.0989010989011, "agpijpbfbjfdahhjjigjbhfeogijlajm": 78.3119658119658, "cpkngdhdaeegjnegopglpgpdbedcibco": 24.563289438323032, "cghkkgdgeiicjolmpclfiajnmkeiglho": 24.569429494079657, "cdffhiaggiemcfnhjpcpbppcnebifcjg": 78.0982905982906, "gpnepihajljigdgpcafkcjpgopbpkjkk": 23.549201009251473, "jhoddpnaknifeinaojmahfmbgephkodj": 3.708133971291866, "dillijfbjhoiokfgjbngplcfggkkdnbn": 30.787820202996617, "bfgkgjjcgcfdjdcdcicnekhhldinkkhk": 0.7054431125957948, "fdbdanegkdppobjaimfhdhidknlceajk": 44.18356456776948, "jandhnpfekgdcklcgfcljmijgbgnchni": 11.559589204681156, "mnbdclgaeiapdnhfpbfalfjfcjddfaii": 44.40894568690096, "aacchphcelmdefffjbbkpbijlgimeohh": 31.244824730886005, "plfjknmnfcebmjgapjjjlolngmonocda": 19.767441860465116, "afdchmbeiaoiimakagbcnaehgdpncdbl": 29.34898612593383, "iedelpfmeejalepbpmmfbfnfoeojohpp": 4.984758830912677, "ifedhhifnpeienmijpikiecfemepleeg": 5.6993602160004695, "mbhogigjpbknpdogfkenmgijelgjjcod": 21.308724832214764, "nikefjgggkloengmpjhlpenlcdacpikn": 77.67094017094017, "lfkaepdpjgnonpodbgalgkbcbmahegap": 8.804143126177024, "hkicaocjinbpfkollonmickokmfmokkp": 34.6031746031746, "iggenblfbenekkodbkplfnlbnbcgbhcc": 24.569429494079657, "pialcfacfddohgedacaoonpknplgnikk": 3.602521765235665, "cgifdpikilmphplddaagnmhpdcnohhda": 45.88235294117647}, "0.2_0_1.0": {"agpijpbfbjfdahhjjigjbhfeogijlajm": 77.77777777777777, "cpkngdhdaeegjnegopglpgpdbedcibco": 23.837678043536684, "cghkkgdgeiicjolmpclfiajnmkeiglho": 23.896663078579117, "cdffhiaggiemcfnhjpcpbppcnebifcjg": 78.0982905982906, "gpnepihajljigdgpcafkcjpgopbpkjkk": 15.811606391925988, "jhoddpnaknifeinaojmahfmbgephkodj": 8.712121212121213, "dillijfbjhoiokfgjbngplcfggkkdnbn": 30.787820202996617, "bfgkgjjcgcfdjdcdcicnekhhldinkkhk": 0.6681076832383572, "jahomhggpolhfjpomljoelcciaogmekh": 61.0989010989011, "fdbdanegkdppobjaimfhdhidknlceajk": 40.34151547491996, "jandhnpfekgdcklcgfcljmijgbgnchni": 8.88464294244089, "mnbdclgaeiapdnhfpbfalfjfcjddfaii": 44.40894568690096, "aacchphcelmdefffjbbkpbijlgimeohh": 28.926304167816728, "plfjknmnfcebmjgapjjjlolngmonocda": 19.767441860465116, "afdchmbeiaoiimakagbcnaehgdpncdbl": 40.44823906083244, "iedelpfmeejalepbpmmfbfnfoeojohpp": 3.6937421552806167, "ifedhhifnpeienmijpikiecfemepleeg": 8.152843810530022, "mbhogigjpbknpdogfkenmgijelgjjcod": 19.29530201342282, "nikefjgggkloengmpjhlpenlcdacpikn": 77.99145299145299, "lfkaepdpjgnonpodbgalgkbcbmahegap": 8.804143126177024, "hkicaocjinbpfkollonmickokmfmokkp": 39.682539682539684, "iggenblfbenekkodbkplfnlbnbcgbhcc": 24.515608180839614, "pialcfacfddohgedacaoonpknplgnikk": 3.602521765235665, "cgifdpikilmphplddaagnmhpdcnohhda": 75.88235294117646}, "0.5_0_1.0": {"agpijpbfbjfdahhjjigjbhfeogijlajm": 78.3119658119658, "cpkngdhdaeegjnegopglpgpdbedcibco": 23.89142703574308, "cghkkgdgeiicjolmpclfiajnmkeiglho": 23.896663078579117, "cdffhiaggiemcfnhjpcpbppcnebifcjg": 78.2051282051282, "gpnepihajljigdgpcafkcjpgopbpkjkk": 14.213624894869639, "jhoddpnaknifeinaojmahfmbgephkodj": 8.313397129186603, "dillijfbjhoiokfgjbngplcfggkkdnbn": 30.787820202996617, "bfgkgjjcgcfdjdcdcicnekhhldinkkhk": 0.703478089998035, "jahomhggpolhfjpomljoelcciaogmekh": 61.0989010989011, "fdbdanegkdppobjaimfhdhidknlceajk": 45.250800426894344, "jandhnpfekgdcklcgfcljmijgbgnchni": 8.693575352280869, "mnbdclgaeiapdnhfpbfalfjfcjddfaii": 40.49520766773163, "aacchphcelmdefffjbbkpbijlgimeohh": 28.291471156500137, "plfjknmnfcebmjgapjjjlolngmonocda": 19.767441860465116, "afdchmbeiaoiimakagbcnaehgdpncdbl": 40.76840981856991, "iedelpfmeejalepbpmmfbfnfoeojohpp": 3.783396091088399, "ifedhhifnpeienmijpikiecfemepleeg": 7.783060397957387, "mbhogigjpbknpdogfkenmgijelgjjcod": 19.463087248322147, "nikefjgggkloengmpjhlpenlcdacpikn": 78.2051282051282, "lfkaepdpjgnonpodbgalgkbcbmahegap": 8.804143126177024, "hkicaocjinbpfkollonmickokmfmokkp": 39.682539682539684, "iggenblfbenekkodbkplfnlbnbcgbhcc": 23.22389666307858, "pialcfacfddohgedacaoonpknplgnikk": 3.602521765235665, "cgifdpikilmphplddaagnmhpdcnohhda": 75.29411764705883}, "0.8_0_1.0": {"agpijpbfbjfdahhjjigjbhfeogijlajm": 78.2051282051282, "cpkngdhdaeegjnegopglpgpdbedcibco": 22.547702230583177, "cghkkgdgeiicjolmpclfiajnmkeiglho": 23.923573735199138, "cdffhiaggiemcfnhjpcpbppcnebifcjg": 77.99145299145299, "gpnepihajljigdgpcafkcjpgopbpkjkk": 15.306980656013456, "jhoddpnaknifeinaojmahfmbgephkodj": 5.482456140350878, "dillijfbjhoiokfgjbngplcfggkkdnbn": 30.787820202996617, "bfgkgjjcgcfdjdcdcicnekhhldinkkhk": 0.703478089998035, "jahomhggpolhfjpomljoelcciaogmekh": 61.0989010989011, "fdbdanegkdppobjaimfhdhidknlceajk": 40.34151547491996, "jandhnpfekgdcklcgfcljmijgbgnchni": 8.741342249820875, "mnbdclgaeiapdnhfpbfalfjfcjddfaii": 40.49520766773163, "aacchphcelmdefffjbbkpbijlgimeohh": 26.994203698592326, "plfjknmnfcebmjgapjjjlolngmonocda": 19.767441860465116, "afdchmbeiaoiimakagbcnaehgdpncdbl": 44.61045891141942, "iedelpfmeejalepbpmmfbfnfoeojohpp": 4.644073874843105, "ifedhhifnpeienmijpikiecfemepleeg": 4.578270822327875, "mbhogigjpbknpdogfkenmgijelgjjcod": 18.79194630872483, "nikefjgggkloengmpjhlpenlcdacpikn": 78.2051282051282, "lfkaepdpjgnonpodbgalgkbcbmahegap": 8.804143126177024, "hkicaocjinbpfkollonmickokmfmokkp": 39.84126984126984, "iggenblfbenekkodbkplfnlbnbcgbhcc": 23.331539289558666, "pialcfacfddohgedacaoonpknplgnikk": 3.602521765235665, "cgifdpikilmphplddaagnmhpdcnohhda": 75.88235294117646}, "0.2_0.02_1.0": {"agpijpbfbjfdahhjjigjbhfeogijlajm": 78.3119658119658, "cpkngdhdaeegjnegopglpgpdbedcibco": 23.783929051330286, "cghkkgdgeiicjolmpclfiajnmkeiglho": 23.896663078579117, "cdffhiaggiemcfnhjpcpbppcnebifcjg": 78.0982905982906, "gpnepihajljigdgpcafkcjpgopbpkjkk": 14.171572750210261, "jhoddpnaknifeinaojmahfmbgephkodj": 6.917862838915471, "dillijfbjhoiokfgjbngplcfggkkdnbn": 30.787820202996617, "bfgkgjjcgcfdjdcdcicnekhhldinkkhk": 0.6602475928473177, "jahomhggpolhfjpomljoelcciaogmekh": 61.0989010989011, "fdbdanegkdppobjaimfhdhidknlceajk": 40.55496264674493, "jandhnpfekgdcklcgfcljmijgbgnchni": 8.836876044900883, "mnbdclgaeiapdnhfpbfalfjfcjddfaii": 44.40894568690096, "aacchphcelmdefffjbbkpbijlgimeohh": 28.125862544852332, "plfjknmnfcebmjgapjjjlolngmonocda": 19.767441860465116, "afdchmbeiaoiimakagbcnaehgdpncdbl": 40.44823906083244, "iedelpfmeejalepbpmmfbfnfoeojohpp": 4.518558364712211, "ifedhhifnpeienmijpikiecfemepleeg": 5.194576509948934, "mbhogigjpbknpdogfkenmgijelgjjcod": 19.12751677852349, "nikefjgggkloengmpjhlpenlcdacpikn": 78.2051282051282, "lfkaepdpjgnonpodbgalgkbcbmahegap": 8.804143126177024, "hkicaocjinbpfkollonmickokmfmokkp": 38.095238095238095, "iggenblfbenekkodbkplfnlbnbcgbhcc": 23.22389666307858, "pialcfacfddohgedacaoonpknplgnikk": 3.602521765235665,