{"policy_2": {"jahomhggpolhfjpomljoelcciaogmekh": 61.0989010989011, "nikefjgggkloengmpjhlpenlcdacpikn": 78.0982905982906, "agpijpbfbjfdahhjjigjbhfeogijlajm": 77.56410256410257, "cdffhiaggiemcfnhjpcpbppcnebifcjg": 78.2051282051282, "dillijfbjhoiokfgjbngplcfggkkdnbn": 30.787820202996617, "cpkngdhdaeegjnegopglpgpdbedcibco": 24.563289438323032, "cghkkgdgeiicjolmpclfiajnmkeiglho": 24.569429494079657, "gpnepihajljigdgpcafkcjpgopbpkjkk": 11.52228763666947, "jhoddpnaknifeinaojmahfmbgephkodj": 2.492025518341308, "bfgkgjjcgcfdjdcdcicnekhhldinkkhk": 0.703478089998035, "fdbdanegkdppobjaimfhdhidknlceajk": 18.676627534685167, "jandhnpfekgdcklcgfcljmijgbgnchni": 11.559589204681156, "mnbdclgaeiapdnhfpbfalfjfcjddfaii": 40.49520766773163, "aacchphcelmdefffjbbkpbijlgimeohh": 28.56748550924648, "plfjknmnfcebmjgapjjjlolngmonocda": 19.767441860465116, "afdchmbeiaoiimakagbcnaehgdpncdbl": 18.676627534685167, "iedelpfmeejalepbpmmfbfnfoeojohpp": 4.57235072619688, "ifedhhifnpeienmijpikiecfemepleeg": 5.675881904091096, "mbhogigjpbknpdogfkenmgijelgjjcod": 16.2751677852349, "lfkaepdpjgnonpodbgalgkbcbmahegap": 8.804143126177024, "hkicaocjinbpfkollonmickokmfmokkp": 34.6031746031746, "cgifdpikilmphplddaagnmhpdcnohhda": 44.11764705882353, "iggenblfbenekkodbkplfnlbnbcgbhcc": 24.569429494079657, "pialcfacfddohgedacaoonpknplgnikk": 3.602521765235665}}