{"3_0": {"ilgdjidfijkaengnhpeoneiagigajhco": 2.5240384615384617}, "10_0": {"ilgdjidfijkaengnhpeoneiagigajhco": 2.5240384615384617}}