{"3_0": {"ilgdjidfijkaengnhpeoneiagigajhco": 2.5240384615384617}, "10_0": {"ilgdjidfijkaengnhpeoneiagigajhco": 2.5240384615384617, "agpijpbfbjfdahhjjigjbhfeogijlajm": 73.61111111111111, "cpkngdhdaeegjnegopglpgpdbedcibco": 19.537758667024992, "cghkkgdgeiicjolmpclfiajnmkeiglho": 19.51022604951561, "cdffhiaggiemcfnhjpcpbppcnebifcjg": 73.61111111111111, "gpnepihajljigdgpcafkcjpgopbpkjkk": 11.69049621530698, "jhoddpnaknifeinaojmahfmbgephkodj": 4.72488038277512, "dillijfbjhoiokfgjbngplcfggkkdnbn": 26.872885451909134, "bfgkgjjcgcfdjdcdcicnekhhldinkkhk": 0.5030457850265279, "jahomhggpolhfjpomljoelcciaogmekh": 63.51648351648352, "fdbdanegkdppobjaimfhdhidknlceajk": 18.356456776947706, "jandhnpfekgdcklcgfcljmijgbgnchni": 8.812992596130881, "mnbdclgaeiapdnhfpbfalfjfcjddfaii": 34.66453674121406, "aacchphcelmdefffjbbkpbijlgimeohh": 17.057686999723984, "plfjknmnfcebmjgapjjjlolngmonocda": 20.348837209302324, "afdchmbeiaoiimakagbcnaehgdpncdbl": 18.24973319103522, "iedelpfmeejalepbpmmfbfnfoeojohpp": 14.201183431952662, "ifedhhifnpeienmijpikiecfemepleeg": 4.255444033573986, "mbhogigjpbknpdogfkenmgijelgjjcod": 48.32214765100671, "nikefjgggkloengmpjhlpenlcdacpikn": 73.61111111111111, "lfkaepdpjgnonpodbgalgkbcbmahegap": 14.265536723163843, "hkicaocjinbpfkollonmickokmfmokkp": 53.80952380952381, "iggenblfbenekkodbkplfnlbnbcgbhcc": 19.18729817007535, "pialcfacfddohgedacaoonpknplgnikk": 2.882017412188532}, "0_02": {"jhoddpnaknifeinaojmahfmbgephkodj": 8.133971291866029}, "0": {"agpijpbfbjfdahhjjigjbhfeogijlajm": 72.54273504273505, "cpkngdhdaeegjnegopglpgpdbedcibco": 24.563289438323032, "cghkkgdgeiicjolmpclfiajnmkeiglho": 24.569429494079657, "cdffhiaggiemcfnhjpcpbppcnebifcjg": 72.54273504273505, "gpnepihajljigdgpcafkcjpgopbpkjkk": 14.844407064760302, "jhoddpnaknifeinaojmahfmbgephkodj": 12.579744816586922, "dillijfbjhoiokfgjbngplcfggkkdnbn": 20.202996616723055, "bfgkgjjcgcfdjdcdcicnekhhldinkkhk": 0.6681076832383572, "jahomhggpolhfjpomljoelcciaogmekh": 61.0989010989011, "fdbdanegkdppobjaimfhdhidknlceajk": 17.075773745997864, "jandhnpfekgdcklcgfcljmijgbgnchni": 6.066395987580607, "mnbdclgaeiapdnhfpbfalfjfcjddfaii": 28.833865814696484, "aacchphcelmdefffjbbkpbijlgimeohh": 28.457079768147942, "plfjknmnfcebmjgapjjjlolngmonocda": 19.622093023255815, "afdchmbeiaoiimakagbcnaehgdpncdbl": 17.716115261472787, "iedelpfmeejalepbpmmfbfnfoeojohpp": 3.1378877532723686, "ifedhhifnpeienmijpikiecfemepleeg": 7.1902330222457005, "mbhogigjpbknpdogfkenmgijelgjjcod": 14.429530201342281, "nikefjgggkloengmpjhlpenlcdacpikn": 65.5982905982906, "lfkaepdpjgnonpodbgalgkbcbmahegap": 7.132768361581921, "hkicaocjinbpfkollonmickokmfmokkp": 38.57142857142857, "iggenblfbenekkodbkplfnlbnbcgbhcc": 24.569429494079657, "pialcfacfddohgedacaoonpknplgnikk": 2.957069948964275}}