{"agpijpbfbjfdahhjjigjbhfeogijlajm": 72.54273504273505, "cpkngdhdaeegjnegopglpgpdbedcibco": 24.563289438323032, "cghkkgdgeiicjolmpclfiajnmkeiglho": 24.569429494079657, "cdffhiaggiemcfnhjpcpbppcnebifcjg": 72.54273504273505, "gpnepihajljigdgpcafkcjpgopbpkjkk": 14.844407064760302, "jhoddpnaknifeinaojmahfmbgephkodj": 12.579744816586922, "dillijfbjhoiokfgjbngplcfggkkdnbn": 20.202996616723055, "bfgkgjjcgcfdjdcdcicnekhhldinkkhk": 0.6681076832383572, "jahomhggpolhfjpomljoelcciaogmekh": 61.0989010989011, "fdbdanegkdppobjaimfhdhidknlceajk": 17.075773745997864, "jandhnpfekgdcklcgfcljmijgbgnchni": 6.066395987580607, "mnbdclgaeiapdnhfpbfalfjfcjddfaii": 28.833865814696484, "aacchphcelmdefffjbbkpbijlgimeohh": 28.457079768147942, "plfjknmnfcebmjgapjjjlolngmonocda": 19.622093023255815, "afdchmbeiaoiimakagbcnaehgdpncdbl": 17.716115261472787, "iedelpfmeejalepbpmmfbfnfoeojohpp": 3.1378877532723686, "ifedhhifnpeienmijpikiecfemepleeg": 7.1902330222457005, "mbhogigjpbknpdogfkenmgijelgjjcod": 14.429530201342281, "nikefjgggkloengmpjhlpenlcdacpikn": 65.5982905982906, "lfkaepdpjgnonpodbgalgkbcbmahegap": 7.132768361581921, "hkicaocjinbpfkollonmickokmfmokkp": 38.57142857142857, "iggenblfbenekkodbkplfnlbnbcgbhcc": 24.569429494079657, "pialcfacfddohgedacaoonpknplgnikk": 2.957069948964275}