{"agpijpbfbjfdahhjjigjbhfeogijlajm": 73.61111111111111, "cpkngdhdaeegjnegopglpgpdbedcibco": 19.537758667024992, "cghkkgdgeiicjolmpclfiajnmkeiglho": 19.51022604951561, "cdffhiaggiemcfnhjpcpbppcnebifcjg": 73.61111111111111, "gpnepihajljigdgpcafkcjpgopbpkjkk": 11.69049621530698, "jhoddpnaknifeinaojmahfmbgephkodj": 4.72488038277512, "dillijfbjhoiokfgjbngplcfggkkdnbn": 26.872885451909134, "bfgkgjjcgcfdjdcdcicnekhhldinkkhk": 0.5030457850265279, "jahomhggpolhfjpomljoelcciaogmekh": 63.51648351648352, "fdbdanegkdppobjaimfhdhidknlceajk": 18.356456776947706, "jandhnpfekgdcklcgfcljmijgbgnchni": 8.812992596130881, "mnbdclgaeiapdnhfpbfalfjfcjddfaii": 34.66453674121406, "aacchphcelmdefffjbbkpbijlgimeohh": 17.057686999723984, "plfjknmnfcebmjgapjjjlolngmonocda": 20.348837209302324, "afdchmbeiaoiimakagbcnaehgdpncdbl": 18.24973319103522, "iedelpfmeejalepbpmmfbfnfoeojohpp": 14.201183431952662, "ifedhhifnpeienmijpikiecfemepleeg": 4.255444033573986, "mbhogigjpbknpdogfkenmgijelgjjcod": 48.32214765100671, "nikefjgggkloengmpjhlpenlcdacpikn": 73.61111111111111, "lfkaepdpjgnonpodbgalgkbcbmahegap": 14.265536723163843, "hkicaocjinbpfkollonmickokmfmokkp": 53.80952380952381, "iggenblfbenekkodbkplfnlbnbcgbhcc": 19.18729817007535, "pialcfacfddohgedacaoonpknplgnikk": 2.882017412188532}