{"kleljlflfamihgckcfgopmcnjdpdjpcn": 35.5638166047088, "ekcbifhpocmmjgekhbhelcdajmmnnnep": 25.078638833285673, "njjcinchnnbjhliemajlepfdadohkgio": 30.275229357798164, "ogmoafgeaapfomfohkbmcibjpajndmmn": 4.43207981580967, "focaakibbgmblibbgdhgjkmnjpihpeko": 17.07933299646286, "ckplfgniaofnlpelgjkmbeeilfbbnboi": 13.969917958067457, "aagjjmpenijmjppnjeoinecajcepjndb": 24.450990894483127, "clegondbbolcpcipekeogbckmmkhklfj": 10.14971378247468, "ilbhikianmkphlgecmpjhjkdneknehap": 73.14225053078556, "kakakodmoehipbijhmjanpopmcihfcka": 24.43487621097955, "mmlchojlammogjjleajohapmdannphjk": 12.795206203736342, "binlphhbfbdnbbmenccpkojieikjjimc": 34.68208092485549, "bnkchmhgcgjpholelgoaclfbhdepgeal": 22.69503546099291, "iplajaaiahddjfoiheomndndhdhokpkp": 44.87179487179487, "mnmlkpggdmceenahhdppalcjdemipghh": 20.406597621787494, "cppaobgnffcgbmlpigglgcncomppjibd": 15.465360391882434, "gikcppljpgcciogfmgodclhpjebcemjg": 63.2991318074191, "dlkggljhmklpnjfmndeheiccbckoclag": 40.96016343207354, "ilikdighfoieecgeiffoekahmpjoekii": 4.107485604606526, "ejjhlpepcaaaehcemmjgnaekfggehdan": 0.890004182350481, "amfmilbepoogemaocdjijfgihlcllaig": 11.598173515981735, "koaflnhbkgmemhdekjhffbhldgjpiolm": 17.935192162773173, "kocjagdkhneclianjllmfahahmhlldkh": 24.569429494079657, "lkglfdjcamhjoggmabobhggmpfjhccff": 1.8617523114661299, "ifkkehggpmplfoacomcpnopnkcokdkpd": 1.28313991886027, "hoklmmgfnpapgjgcpechhaamimifchmp": 14.041404140414041, "jfmbmhllhhnfjdamajbnncoebahfflla": 6.44853875476493, "olfdaaodhngodpnnoahamgfnndipjopi": 2.2286998238902047, "bkpiopmagfjbikadliilpjnibfekolem": 16.339693630744424, "aonbfafelncknhcmdobijbdcndgikajp": 1.429240862230553, "eliodbpomdfmcnhnhjdmfgmclhkenfgn": 1.6142100342785914, "flkjmjpamjiganhkggfiojeklcoijjbd": 18.14300960512273, "aiaihmeleocnfnbmdhibjghohcadgakk": 29.726315789473684, "piacaofpicgbnaaaonfkibiiedfkeooa": 3.0991246747101964, "ckkdlimhmcjmikdlpkmbgfkaikojcbjk": 1.6868426275054573, "bhgcoggeghpmlcmpakgdgnfgdggfnkgb": 21.855146124523507, "mpiplkjednaomgemnhnhhhcmicebkmbb": 17.519120458891013, "eafoaklfmpnpdecnhhaailihkdbhkgin": 31.77106804867057, "eecckhlngodgphdjocpjfgodblhddkkm": 15.085691510561977, "bjnpmjojddopfkppcmijbhjkdcejlbho": 18.055555555555557, "lkiiomkhepkpbbbjbpdbienjhnapdkbd": 0.8179813642506579, "ahanamijdbohnllmkgmhaeobimflbfkg": 16.698172652804033, "cpfmebcmegidepcafknblfdmcdghpmgp": 22.388859132297803, "anhdgekdambhjjfhofmnbgiioikamnjl": 18.036286019210245, "bjmffhlngkamgfobigebohiigecgkkjb": 10.1133735687292, "hcbocpdaafndlgjcfbajbbkcecdfnjam": 98.11320754716981, "kanbfjanbfkmjnonalihpiibneplllfh": 0.3374637490113367, "ekdefigoglfeopedmjfdalknmekbjeco": 21.476330569671035, "lpkjmgldcglmfilmnkcacbolkpkghdaa": 15.932311621966795, "agipnmmjnjcfgkhmlgifikmibgngblop": 8.401400233372229, "jjkiaagghcmkbheblofiimpnhimpmbmj": 5.322715842414082, "npmcehjgnldnchlckbdhpfikcpccglkj": 4.541821088583679, "pcbecajgokiinhdgfmomalplkfhcejlm": 8.209153805215541, "meomkoeindenhdjjlhpoamaoikloaall": 5.806858826004628, "hphjegonpdinfmflbdfacnocjhpbhmec": 50.0, "iohababffkjcjpehebbipfmdkgbhpiif": 0.38620868214378185, "igddcfndiapddcmgkkkjaalanbclolni": 6.4453125, "ibamclpibpnhmkaphhemfbljmenlpbch": 2.360180385215156, "cnjbkbdngccfabppfjloedkhglcjcpdh": 11.880466472303207, "cdijmnpllkdbhjocnobeedndmhhdnmbn": 0.6939234808702176, "bnajgmchnmlnjggkflnpjllgpjbckoja": 3.8767234387672342, "dcpnjcfcafdeokppedhojjelamfieobk": 29.574811625403658, "akndeknkfbncfoalobhohpegmpffibii": 18.812877263581488, "gdphppennniieapoipkgpcibicclilam": 2.010596386360549, "jojgobnbjjpgehmhmogiacnbffahefnl": 1.105612298620617, "jdknimfbjfojkglphjflppbmmgfdbjlo": 18.01162040025823, "dhpakmahcjnimdcdkohedncjcngofbni": 13.509234828496043, "dhaaphpnhakkeflfbejoggghleaakekg": 14.074550128534705, "fagdddhhkjdpchaokeceilckcefmbeil": 10.14176663031625, "mjffedinmmdbebmljeoobdiccmoldidg": 14.067796610169491, "bincmiainjofjnhchmcalkanjebghoen": 2.0477095207937515, "hmbojgkiefpkagneocidllhpdlbhjhgo": 5.807041609510745, "feomilnenlfplgdlehkecmcbfjedoomd": 29.938570966698997, "bjgdgpflelgjdalglahflfmhggblmkhl": 1.1103993166773436, "nmbnopombbilnkahaimpkodkfjhaefok": 8.776266996291719, "hlbbnelflhfnakfmkmcciaeekhbjknom": 0.13406323315830634, "ogogkhoeobejfcakanfjfompbmebedfi": 17.046085508051082, "dbfeoahplcfpcplikkjdfnlpiafdjcho": 3.6428867117427903, "dfnoddgekoeiljeaekobnchnedoipgpc": 74.55621301775147, "jjajfginmjgdpblfanoimdanifdmcokd": 24.02826855123675, "pbeiepmppflpoggienbcdmnccnbabpnk": 39.02439024390244, "dacekpmhnniecdjdmacfnemgofcggakc": 11.544280228092633, "iachoklpnnjfgmldgelflgifhdaebnol": 18.09728183118741, "gimeeobdkmpbhobaoeoknmhknnfpfopp": 4.050199657729606, "hjmlnbpfakglpijfjgclhdlipbjfegjp": 32.85870755750274, "fmnfbehjmabbkjedcccbamplbebhgeoo": 1.017503754006141, "pfinlfmmmmlloojfjjiniimkdblghjjo": 20.234222511385816, "kbbehjoljkpnbmedfamimogjkfecmnoa": 100.0, "aoophphlpckopfaofppojahglnbfekfh": 15.316526610644258, "mhfkipjbjoggoibcnilbbhdmojekjico": 2.7475958536280753, "bonnmfobbnbbbhbabohdbllolkbghnla": 16.497054097482593}