{"0": {"agpijpbfbjfdahhjjigjbhfeogijlajm": 73.61111111111111, "cpkngdhdaeegjnegopglpgpdbedcibco": 24.563289438323032, "cghkkgdgeiicjolmpclfiajnmkeiglho": 24.569429494079657, "cdffhiaggiemcfnhjpcpbppcnebifcjg": 73.61111111111111, "gpnepihajljigdgpcafkcjpgopbpkjkk": 23.170731707317074, "jhoddpnaknifeinaojmahfmbgephkodj": 12.579744816586922, "dillijfbjhoiokfgjbngplcfggkkdnbn": 20.202996616723055, "bfgkgjjcgcfdjdcdcicnekhhldinkkhk": 0.7054431125957948, "jahomhggpolhfjpomljoelcciaogmekh": 61.0989010989011, "fdbdanegkdppobjaimfhdhidknlceajk": 40.55496264674493, "jandhnpfekgdcklcgfcljmijgbgnchni": 11.559589204681156, "mnbdclgaeiapdnhfpbfalfjfcjddfaii": 40.49520766773163, "aacchphcelmdefffjbbkpbijlgimeohh": 29.533535743858682, "plfjknmnfcebmjgapjjjlolngmonocda": 20.348837209302324, "afdchmbeiaoiimakagbcnaehgdpncdbl": 40.23479188900747, "iedelpfmeejalepbpmmfbfnfoeojohpp": 14.201183431952662, "ifedhhifnpeienmijpikiecfemepleeg": 7.1902330222457005, "mbhogigjpbknpdogfkenmgijelgjjcod": 48.32214765100671, "nikefjgggkloengmpjhlpenlcdacpikn": 73.61111111111111, "lfkaepdpjgnonpodbgalgkbcbmahegap": 14.265536723163843, "hkicaocjinbpfkollonmickokmfmokkp": 53.80952380952381, "iggenblfbenekkodbkplfnlbnbcgbhcc": 24.569429494079657, "pialcfacfddohgedacaoonpknplgnikk": 3.602521765235665}}